-- PulseGear test / seed data (core catalog + admin)
-- Generated by prisma/sql/scripts/generate-seed-sql.mjs
-- Admin login: admin@pulsegear.local / Admin1234!

BEGIN;

-- Optional: clear transactional tables before re-seeding catalog
DELETE FROM "PaymentEvent";
DELETE FROM "InventoryMovement";
DELETE FROM "OrderStatusEvent";
DELETE FROM "OrderNote";
DELETE FROM "OrderItem";
DELETE FROM "Order";
DELETE FROM "ProductCollection";
DELETE FROM "ProductImage";
DELETE FROM "ProductVariant";
DELETE FROM "Product";
DELETE FROM "Collection";

-- Admin roles
INSERT INTO "AdminRole" ("id", "name", "label", "createdAt", "updatedAt") VALUES ('seed_role_SUPER_ADMIN', 'SUPER_ADMIN'::"AdminRoleName", 'Super Admin', NOW(), NOW()) ON CONFLICT ("name") DO UPDATE SET "label" = EXCLUDED."label", "updatedAt" = NOW();
INSERT INTO "AdminRole" ("id", "name", "label", "createdAt", "updatedAt") VALUES ('seed_role_ADMIN', 'ADMIN'::"AdminRoleName", 'Admin', NOW(), NOW()) ON CONFLICT ("name") DO UPDATE SET "label" = EXCLUDED."label", "updatedAt" = NOW();
INSERT INTO "AdminRole" ("id", "name", "label", "createdAt", "updatedAt") VALUES ('seed_role_OPERATOR', 'OPERATOR'::"AdminRoleName", 'Operator', NOW(), NOW()) ON CONFLICT ("name") DO UPDATE SET "label" = EXCLUDED."label", "updatedAt" = NOW();
INSERT INTO "AdminRole" ("id", "name", "label", "createdAt", "updatedAt") VALUES ('seed_role_CONTENT_EDITOR', 'CONTENT_EDITOR'::"AdminRoleName", 'Content Editor', NOW(), NOW()) ON CONFLICT ("name") DO UPDATE SET "label" = EXCLUDED."label", "updatedAt" = NOW();
INSERT INTO "AdminRole" ("id", "name", "label", "createdAt", "updatedAt") VALUES ('seed_role_ANALYST', 'ANALYST'::"AdminRoleName", 'Analyst', NOW(), NOW()) ON CONFLICT ("name") DO UPDATE SET "label" = EXCLUDED."label", "updatedAt" = NOW();
INSERT INTO "AdminRole" ("id", "name", "label", "createdAt", "updatedAt") VALUES ('seed_role_VIEWER', 'VIEWER'::"AdminRoleName", 'Viewer', NOW(), NOW()) ON CONFLICT ("name") DO UPDATE SET "label" = EXCLUDED."label", "updatedAt" = NOW();

-- Default admin settings
INSERT INTO "AdminSettings" ("id", "storefrontUrl", "supportEmail", "checkoutCurrency", "timezone", "shippingCountries", "defaultFulfillmentSlaDays", "returnsPolicyUrl", "orderAutoFulfill", "primaryPaymentProvider", "stripeAutomaticPaymentMethods", "paymentFailureMessage", "adminSessionTtlHours", "auditLoggingEnabled", "createdAt", "updatedAt") VALUES ('default', 'http://localhost:3000', 'support@pulsegear.local', 'usd', 'America/Los_Angeles', ARRAY['US','GB']::text[], 3, '/faq', FALSE, 'Stripe Checkout', TRUE, 'Retry checkout from cart if payment is not confirmed.', 12, TRUE, NOW(), NOW()) ON CONFLICT ("id") DO NOTHING;

-- Collections
INSERT INTO "Collection" ("id", "title", "slug", "description", "sortOrder") VALUES ('seed_collection_support', 'Support', 'support', 'Knee sleeves, patella straps, and recovery support.', 0) ON CONFLICT ("slug") DO NOTHING;
INSERT INTO "Collection" ("id", "title", "slug", "description", "sortOrder") VALUES ('seed_collection_carry', 'Carry', 'carry', 'No-bounce belts and lightweight storage.', 1) ON CONFLICT ("slug") DO NOTHING;
INSERT INTO "Collection" ("id", "title", "slug", "description", "sortOrder") VALUES ('seed_collection_hydration', 'Hydration', 'hydration', 'Bottles and hydration-ready running gear.', 2) ON CONFLICT ("slug") DO NOTHING;
INSERT INTO "Collection" ("id", "title", "slug", "description", "sortOrder") VALUES ('seed_collection_socks', 'Socks', 'socks', 'Training socks for running, gym, and court sessions.', 3) ON CONFLICT ("slug") DO NOTHING;
INSERT INTO "Collection" ("id", "title", "slug", "description", "sortOrder") VALUES ('seed_collection_sweat', 'Sweat', 'sweat', 'Sweat-ready headbands and wristbands.', 4) ON CONFLICT ("slug") DO NOTHING;
INSERT INTO "Collection" ("id", "title", "slug", "description", "sortOrder") VALUES ('seed_collection_recovery', 'Recovery', 'recovery', 'Compression essentials for recovery routines.', 5) ON CONFLICT ("slug") DO NOTHING;

-- Super admin user
INSERT INTO "AdminUser" ("id", "email", "passwordHash", "name", "active", "roleId", "createdAt", "updatedAt") VALUES ('seed_admin_super', 'admin@pulsegear.local', 'pulsegear_seed_salt01:f0192ec753df5288bd5133546b38354c1e0a50adcf6a292f8420dd7f29d91419f8ea6f6285dd6b6c2faeff9bbb045454b78ca3ee36fc42f4343682e3f0fa8c1d', 'PulseGear Super Admin', TRUE, 'seed_role_SUPER_ADMIN', NOW(), NOW()) ON CONFLICT ("email") DO UPDATE SET "passwordHash" = EXCLUDED."passwordHash", "name" = EXCLUDED."name", "roleId" = EXCLUDED."roleId", "active" = TRUE, "updatedAt" = NOW();

-- Product: PulseFlex Knee Sleeve
INSERT INTO "Product" ("id", "title", "titleEn", "slug", "category", "shortDescription", "shortDescriptionEn", "description", "descriptionEn", "status", "badge", "rating", "reviewCount", "benefits", "benefitsEn", "features", "featuresEn", "useCases", "bundleEligible", "createdAt", "updatedAt") VALUES ('seed_product_pulseflex_knee_sleeve', 'PulseFlex Knee Sleeve', 'PulseFlex Knee Sleeve', 'pulseflex-knee-sleeve', 'Support', 'Breathable compression support for miles, lifts, and court cuts.', 'Breathable compression support for miles, lifts, and court cuts.', 'A low-profile compression sleeve built for running, gym training, and court movement.', 'A low-profile compression sleeve built for running, gym training, and court movement.', 'ACTIVE'::"ProductStatus", 'Best seller', 4.8, 182, ARRAY['No-slip silicone grip', 'Breathable compression', 'Left/right neutral fit', 'Machine washable']::text[], ARRAY['No-slip silicone grip', 'Breathable compression', 'Left/right neutral fit', 'Machine washable']::text[], ARRAY['Zoned knit compression', 'Anti-roll top cuff', 'Open-motion flex panel', 'Low-profile under tights']::text[], ARRAY['Zoned knit compression', 'Anti-roll top cuff', 'Open-motion flex panel', 'Low-profile under tights']::text[], ARRAY['Run', 'Train', 'Court', 'Recovery']::text[], true, NOW(), NOW()) ON CONFLICT ("slug") DO NOTHING;
INSERT INTO "ProductImage" ("id", "productId", "url", "alt", "sortOrder") VALUES ('seed_image_pulseflex_knee_sleeve_0', 'seed_product_pulseflex_knee_sleeve', 'knee-sleeve-hero', 'PulseFlex Knee Sleeve 1', 0) ON CONFLICT DO NOTHING;
INSERT INTO "ProductImage" ("id", "productId", "url", "alt", "sortOrder") VALUES ('seed_image_pulseflex_knee_sleeve_1', 'seed_product_pulseflex_knee_sleeve', 'knee-sleeve-scale', 'PulseFlex Knee Sleeve 2', 1) ON CONFLICT DO NOTHING;
INSERT INTO "ProductImage" ("id", "productId", "url", "alt", "sortOrder") VALUES ('seed_image_pulseflex_knee_sleeve_2', 'seed_product_pulseflex_knee_sleeve', 'knee-sleeve-detail', 'PulseFlex Knee Sleeve 3', 2) ON CONFLICT DO NOTHING;
INSERT INTO "ProductVariant" ("id", "productId", "sku", "color", "size", "priceCents", "compareAtPriceCents", "stock", "reservedStock", "lowStockThreshold", "weightGrams", "active", "createdAt", "updatedAt") VALUES ('seed_variant_pulseflex_knee_sleeve_Graphite_S', 'seed_product_pulseflex_knee_sleeve', 'PG-PKS-GRA-S', 'Graphite', 'S', 3400, 4400, 18, 0, 5, 220, TRUE, NOW(), NOW()) ON CONFLICT ("sku") DO NOTHING;
INSERT INTO "ProductVariant" ("id", "productId", "sku", "color", "size", "priceCents", "compareAtPriceCents", "stock", "reservedStock", "lowStockThreshold", "weightGrams", "active", "createdAt", "updatedAt") VALUES ('seed_variant_pulseflex_knee_sleeve_Graphite_M', 'seed_product_pulseflex_knee_sleeve', 'PG-PKS-GRA-M', 'Graphite', 'M', 3400, 4400, 19, 0, 5, 220, TRUE, NOW(), NOW()) ON CONFLICT ("sku") DO NOTHING;
INSERT INTO "ProductVariant" ("id", "productId", "sku", "color", "size", "priceCents", "compareAtPriceCents", "stock", "reservedStock", "lowStockThreshold", "weightGrams", "active", "createdAt", "updatedAt") VALUES ('seed_variant_pulseflex_knee_sleeve_Graphite_L', 'seed_product_pulseflex_knee_sleeve', 'PG-PKS-GRA-L', 'Graphite', 'L', 3400, 4400, 20, 0, 5, 220, TRUE, NOW(), NOW()) ON CONFLICT ("sku") DO NOTHING;
INSERT INTO "ProductVariant" ("id", "productId", "sku", "color", "size", "priceCents", "compareAtPriceCents", "stock", "reservedStock", "lowStockThreshold", "weightGrams", "active", "createdAt", "updatedAt") VALUES ('seed_variant_pulseflex_knee_sleeve_Graphite_XL', 'seed_product_pulseflex_knee_sleeve', 'PG-PKS-GRA-XL', 'Graphite', 'XL', 3400, 4400, 21, 0, 5, 220, TRUE, NOW(), NOW()) ON CONFLICT ("sku") DO NOTHING;
INSERT INTO "ProductVariant" ("id", "productId", "sku", "color", "size", "priceCents", "compareAtPriceCents", "stock", "reservedStock", "lowStockThreshold", "weightGrams", "active", "createdAt", "updatedAt") VALUES ('seed_variant_pulseflex_knee_sleeve_Steel_S', 'seed_product_pulseflex_knee_sleeve', 'PG-PKS-STE-S', 'Steel', 'S', 3400, 4400, 20, 0, 5, 220, TRUE, NOW(), NOW()) ON CONFLICT ("sku") DO NOTHING;
INSERT INTO "ProductVariant" ("id", "productId", "sku", "color", "size", "priceCents", "compareAtPriceCents", "stock", "reservedStock", "lowStockThreshold", "weightGrams", "active", "createdAt", "updatedAt") VALUES ('seed_variant_pulseflex_knee_sleeve_Steel_M', 'seed_product_pulseflex_knee_sleeve', 'PG-PKS-STE-M', 'Steel', 'M', 3400, 4400, 21, 0, 5, 220, TRUE, NOW(), NOW()) ON CONFLICT ("sku") DO NOTHING;
INSERT INTO "ProductVariant" ("id", "productId", "sku", "color", "size", "priceCents", "compareAtPriceCents", "stock", "reservedStock", "lowStockThreshold", "weightGrams", "active", "createdAt", "updatedAt") VALUES ('seed_variant_pulseflex_knee_sleeve_Steel_L', 'seed_product_pulseflex_knee_sleeve', 'PG-PKS-STE-L', 'Steel', 'L', 3400, 4400, 22, 0, 5, 220, TRUE, NOW(), NOW()) ON CONFLICT ("sku") DO NOTHING;
INSERT INTO "ProductVariant" ("id", "productId", "sku", "color", "size", "priceCents", "compareAtPriceCents", "stock", "reservedStock", "lowStockThreshold", "weightGrams", "active", "createdAt", "updatedAt") VALUES ('seed_variant_pulseflex_knee_sleeve_Steel_XL', 'seed_product_pulseflex_knee_sleeve', 'PG-PKS-STE-XL', 'Steel', 'XL', 3400, 4400, 23, 0, 5, 220, TRUE, NOW(), NOW()) ON CONFLICT ("sku") DO NOTHING;
INSERT INTO "ProductVariant" ("id", "productId", "sku", "color", "size", "priceCents", "compareAtPriceCents", "stock", "reservedStock", "lowStockThreshold", "weightGrams", "active", "createdAt", "updatedAt") VALUES ('seed_variant_pulseflex_knee_sleeve_Lime_S', 'seed_product_pulseflex_knee_sleeve', 'PG-PKS-LIM-S', 'Lime', 'S', 3400, 4400, 22, 0, 5, 220, TRUE, NOW(), NOW()) ON CONFLICT ("sku") DO NOTHING;
INSERT INTO "ProductVariant" ("id", "productId", "sku", "color", "size", "priceCents", "compareAtPriceCents", "stock", "reservedStock", "lowStockThreshold", "weightGrams", "active", "createdAt", "updatedAt") VALUES ('seed_variant_pulseflex_knee_sleeve_Lime_M', 'seed_product_pulseflex_knee_sleeve', 'PG-PKS-LIM-M', 'Lime', 'M', 3400, 4400, 23, 0, 5, 220, TRUE, NOW(), NOW()) ON CONFLICT ("sku") DO NOTHING;
INSERT INTO "ProductVariant" ("id", "productId", "sku", "color", "size", "priceCents", "compareAtPriceCents", "stock", "reservedStock", "lowStockThreshold", "weightGrams", "active", "createdAt", "updatedAt") VALUES ('seed_variant_pulseflex_knee_sleeve_Lime_L', 'seed_product_pulseflex_knee_sleeve', 'PG-PKS-LIM-L', 'Lime', 'L', 3400, 4400, 24, 0, 5, 220, TRUE, NOW(), NOW()) ON CONFLICT ("sku") DO NOTHING;
INSERT INTO "ProductVariant" ("id", "productId", "sku", "color", "size", "priceCents", "compareAtPriceCents", "stock", "reservedStock", "lowStockThreshold", "weightGrams", "active", "createdAt", "updatedAt") VALUES ('seed_variant_pulseflex_knee_sleeve_Lime_XL', 'seed_product_pulseflex_knee_sleeve', 'PG-PKS-LIM-XL', 'Lime', 'XL', 3400, 4400, 25, 0, 5, 220, TRUE, NOW(), NOW()) ON CONFLICT ("sku") DO NOTHING;
INSERT INTO "ProductCollection" ("productId", "collectionId", "sortOrder") VALUES ('seed_product_pulseflex_knee_sleeve', 'seed_collection_support', 0) ON CONFLICT ("productId", "collectionId") DO NOTHING;

-- Product: PulseBand Patella Strap
INSERT INTO "Product" ("id", "title", "titleEn", "slug", "category", "shortDescription", "shortDescriptionEn", "description", "descriptionEn", "status", "badge", "rating", "reviewCount", "benefits", "benefitsEn", "features", "featuresEn", "useCases", "bundleEligible", "createdAt", "updatedAt") VALUES ('seed_product_pulseband_patella_strap', 'PulseBand Patella Strap', 'PulseBand Patella Strap', 'pulseband-patella-strap', 'Support', 'Targeted below-knee support with a quick-adjust strap for training days.', 'Targeted below-knee support with a quick-adjust strap for training days.', 'Targeted support strap with a contoured pressure pad and low-bulk fit.', 'Targeted support strap with a contoured pressure pad and low-bulk fit.', 'ACTIVE'::"ProductStatus", 'Targeted support', 4.7, 96, ARRAY['Targeted patella support', 'Quick hook adjustment', 'Sweat-ready lining', 'Minimal bulk']::text[], ARRAY['Targeted patella support', 'Quick hook adjustment', 'Sweat-ready lining', 'Minimal bulk']::text[], ARRAY['Contoured pressure pad', 'Reflective pull tab', 'Soft inner face', 'Single-hand fit adjustment']::text[], ARRAY['Contoured pressure pad', 'Reflective pull tab', 'Soft inner face', 'Single-hand fit adjustment']::text[], ARRAY['Run', 'Train', 'Court']::text[], true, NOW(), NOW()) ON CONFLICT ("slug") DO NOTHING;
INSERT INTO "ProductImage" ("id", "productId", "url", "alt", "sortOrder") VALUES ('seed_image_pulseband_patella_strap_0', 'seed_product_pulseband_patella_strap', 'patella-hero', 'PulseBand Patella Strap 1', 0) ON CONFLICT DO NOTHING;
INSERT INTO "ProductImage" ("id", "productId", "url", "alt", "sortOrder") VALUES ('seed_image_pulseband_patella_strap_1', 'seed_product_pulseband_patella_strap', 'patella-scale', 'PulseBand Patella Strap 2', 1) ON CONFLICT DO NOTHING;
INSERT INTO "ProductImage" ("id", "productId", "url", "alt", "sortOrder") VALUES ('seed_image_pulseband_patella_strap_2', 'seed_product_pulseband_patella_strap', 'patella-detail', 'PulseBand Patella Strap 3', 2) ON CONFLICT DO NOTHING;
INSERT INTO "ProductVariant" ("id", "productId", "sku", "color", "size", "priceCents", "compareAtPriceCents", "stock", "reservedStock", "lowStockThreshold", "weightGrams", "active", "createdAt", "updatedAt") VALUES ('seed_variant_pulseband_patella_strap_Graphite_S_M', 'seed_product_pulseband_patella_strap', 'PG-PPS-GRA-SM', 'Graphite', 'S/M', 2200, 2800, 14, 0, 5, 220, TRUE, NOW(), NOW()) ON CONFLICT ("sku") DO NOTHING;
INSERT INTO "ProductVariant" ("id", "productId", "sku", "color", "size", "priceCents", "compareAtPriceCents", "stock", "reservedStock", "lowStockThreshold", "weightGrams", "active", "createdAt", "updatedAt") VALUES ('seed_variant_pulseband_patella_strap_Graphite_L_XL', 'seed_product_pulseband_patella_strap', 'PG-PPS-GRA-LXL', 'Graphite', 'L/XL', 2200, 2800, 15, 0, 5, 220, TRUE, NOW(), NOW()) ON CONFLICT ("sku") DO NOTHING;
INSERT INTO "ProductVariant" ("id", "productId", "sku", "color", "size", "priceCents", "compareAtPriceCents", "stock", "reservedStock", "lowStockThreshold", "weightGrams", "active", "createdAt", "updatedAt") VALUES ('seed_variant_pulseband_patella_strap_Graphite_One_size', 'seed_product_pulseband_patella_strap', 'PG-PPS-GRA-ONESIZE', 'Graphite', 'One size', 2200, 2800, 16, 0, 5, 220, TRUE, NOW(), NOW()) ON CONFLICT ("sku") DO NOTHING;
INSERT INTO "ProductVariant" ("id", "productId", "sku", "color", "size", "priceCents", "compareAtPriceCents", "stock", "reservedStock", "lowStockThreshold", "weightGrams", "active", "createdAt", "updatedAt") VALUES ('seed_variant_pulseband_patella_strap_Signal_Blue_S_M', 'seed_product_pulseband_patella_strap', 'PG-PPS-SIG-SM', 'Signal Blue', 'S/M', 2200, 2800, 16, 0, 5, 220, TRUE, NOW(), NOW()) ON CONFLICT ("sku") DO NOTHING;
INSERT INTO "ProductVariant" ("id", "productId", "sku", "color", "size", "priceCents", "compareAtPriceCents", "stock", "reservedStock", "lowStockThreshold", "weightGrams", "active", "createdAt", "updatedAt") VALUES ('seed_variant_pulseband_patella_strap_Signal_Blue_L_XL', 'seed_product_pulseband_patella_strap', 'PG-PPS-SIG-LXL', 'Signal Blue', 'L/XL', 2200, 2800, 17, 0, 5, 220, TRUE, NOW(), NOW()) ON CONFLICT ("sku") DO NOTHING;
INSERT INTO "ProductVariant" ("id", "productId", "sku", "color", "size", "priceCents", "compareAtPriceCents", "stock", "reservedStock", "lowStockThreshold", "weightGrams", "active", "createdAt", "updatedAt") VALUES ('seed_variant_pulseband_patella_strap_Signal_Blue_One_size', 'seed_product_pulseband_patella_strap', 'PG-PPS-SIG-ONESIZE', 'Signal Blue', 'One size', 2200, 2800, 18, 0, 5, 220, TRUE, NOW(), NOW()) ON CONFLICT ("sku") DO NOTHING;
INSERT INTO "ProductCollection" ("productId", "collectionId", "sortOrder") VALUES ('seed_product_pulseband_patella_strap', 'seed_collection_support', 1) ON CONFLICT ("productId", "collectionId") DO NOTHING;

-- Product: AeroRun Hydration Belt
INSERT INTO "Product" ("id", "title", "titleEn", "slug", "category", "shortDescription", "shortDescriptionEn", "description", "descriptionEn", "status", "badge", "rating", "reviewCount", "benefits", "benefitsEn", "features", "featuresEn", "useCases", "bundleEligible", "createdAt", "updatedAt") VALUES ('seed_product_aerorun_hydration_belt', 'AeroRun Hydration Belt', 'AeroRun Hydration Belt', 'aerorun-hydration-belt', 'Hydration', 'No-bounce hydration carry with soft flask storage for warm-weather runs.', 'No-bounce hydration carry with soft flask storage for warm-weather runs.', 'A stabilized hydration belt for warm-weather runs and long training sessions.', 'A stabilized hydration belt for warm-weather runs and long training sessions.', 'ACTIVE'::"ProductStatus", 'Summer run', 4.6, 74, ARRAY['No-bounce carry', 'Bottle-ready pocket', 'Phone sleeve', 'Reflective accents']::text[], ARRAY['No-bounce carry', 'Bottle-ready pocket', 'Phone sleeve', 'Reflective accents']::text[], ARRAY['Stabilized rear cradle', 'Stretch mesh pocketing', 'Moisture-resistant zip', 'Adjustable waist fit']::text[], ARRAY['Stabilized rear cradle', 'Stretch mesh pocketing', 'Moisture-resistant zip', 'Adjustable waist fit']::text[], ARRAY['Run', 'Train']::text[], true, NOW(), NOW()) ON CONFLICT ("slug") DO NOTHING;
INSERT INTO "ProductImage" ("id", "productId", "url", "alt", "sortOrder") VALUES ('seed_image_aerorun_hydration_belt_0', 'seed_product_aerorun_hydration_belt', 'hydration-hero', 'AeroRun Hydration Belt 1', 0) ON CONFLICT DO NOTHING;
INSERT INTO "ProductImage" ("id", "productId", "url", "alt", "sortOrder") VALUES ('seed_image_aerorun_hydration_belt_1', 'seed_product_aerorun_hydration_belt', 'hydration-scale', 'AeroRun Hydration Belt 2', 1) ON CONFLICT DO NOTHING;
INSERT INTO "ProductImage" ("id", "productId", "url", "alt", "sortOrder") VALUES ('seed_image_aerorun_hydration_belt_2', 'seed_product_aerorun_hydration_belt', 'hydration-detail', 'AeroRun Hydration Belt 3', 2) ON CONFLICT DO NOTHING;
INSERT INTO "ProductVariant" ("id", "productId", "sku", "color", "size", "priceCents", "compareAtPriceCents", "stock", "reservedStock", "lowStockThreshold", "weightGrams", "active", "createdAt", "updatedAt") VALUES ('seed_variant_aerorun_hydration_belt_Graphite_S_M', 'seed_product_aerorun_hydration_belt', 'PG-AHB-GRA-SM', 'Graphite', 'S/M', 4800, 5800, 8, 0, 5, 380, TRUE, NOW(), NOW()) ON CONFLICT ("sku") DO NOTHING;
INSERT INTO "ProductVariant" ("id", "productId", "sku", "color", "size", "priceCents", "compareAtPriceCents", "stock", "reservedStock", "lowStockThreshold", "weightGrams", "active", "createdAt", "updatedAt") VALUES ('seed_variant_aerorun_hydration_belt_Graphite_M_L', 'seed_product_aerorun_hydration_belt', 'PG-AHB-GRA-ML', 'Graphite', 'M/L', 4800, 5800, 9, 0, 5, 380, TRUE, NOW(), NOW()) ON CONFLICT ("sku") DO NOTHING;
INSERT INTO "ProductVariant" ("id", "productId", "sku", "color", "size", "priceCents", "compareAtPriceCents", "stock", "reservedStock", "lowStockThreshold", "weightGrams", "active", "createdAt", "updatedAt") VALUES ('seed_variant_aerorun_hydration_belt_Graphite_L_XL', 'seed_product_aerorun_hydration_belt', 'PG-AHB-GRA-LXL', 'Graphite', 'L/XL', 4800, 5800, 10, 0, 5, 380, TRUE, NOW(), NOW()) ON CONFLICT ("sku") DO NOTHING;
INSERT INTO "ProductVariant" ("id", "productId", "sku", "color", "size", "priceCents", "compareAtPriceCents", "stock", "reservedStock", "lowStockThreshold", "weightGrams", "active", "createdAt", "updatedAt") VALUES ('seed_variant_aerorun_hydration_belt_Steel_S_M', 'seed_product_aerorun_hydration_belt', 'PG-AHB-STE-SM', 'Steel', 'S/M', 4800, 5800, 10, 0, 5, 380, TRUE, NOW(), NOW()) ON CONFLICT ("sku") DO NOTHING;
INSERT INTO "ProductVariant" ("id", "productId", "sku", "color", "size", "priceCents", "compareAtPriceCents", "stock", "reservedStock", "lowStockThreshold", "weightGrams", "active", "createdAt", "updatedAt") VALUES ('seed_variant_aerorun_hydration_belt_Steel_M_L', 'seed_product_aerorun_hydration_belt', 'PG-AHB-STE-ML', 'Steel', 'M/L', 4800, 5800, 11, 0, 5, 380, TRUE, NOW(), NOW()) ON CONFLICT ("sku") DO NOTHING;
INSERT INTO "ProductVariant" ("id", "productId", "sku", "color", "size", "priceCents", "compareAtPriceCents", "stock", "reservedStock", "lowStockThreshold", "weightGrams", "active", "createdAt", "updatedAt") VALUES ('seed_variant_aerorun_hydration_belt_Steel_L_XL', 'seed_product_aerorun_hydration_belt', 'PG-AHB-STE-LXL', 'Steel', 'L/XL', 4800, 5800, 12, 0, 5, 380, TRUE, NOW(), NOW()) ON CONFLICT ("sku") DO NOTHING;
INSERT INTO "ProductCollection" ("productId", "collectionId", "sortOrder") VALUES ('seed_product_aerorun_hydration_belt', 'seed_collection_hydration', 2) ON CONFLICT ("productId", "collectionId") DO NOTHING;

-- Product: CoreCarry Running Belt
INSERT INTO "Product" ("id", "title", "titleEn", "slug", "category", "shortDescription", "shortDescriptionEn", "description", "descriptionEn", "status", "badge", "rating", "reviewCount", "benefits", "benefitsEn", "features", "featuresEn", "useCases", "bundleEligible", "createdAt", "updatedAt") VALUES ('seed_product_corecarry_running_belt', 'CoreCarry Running Belt', 'CoreCarry Running Belt', 'corecarry-running-belt', 'Carry', 'Slim everyday run belt for phone, keys, gels, and small essentials.', 'Slim everyday run belt for phone, keys, gels, and small essentials.', 'A stretch run belt that keeps essentials close without bounce.', 'A stretch run belt that keeps essentials close without bounce.', 'ACTIVE'::"ProductStatus", 'No-bounce', 4.8, 143, ARRAY['No-bounce profile', 'Phone-safe pocket', 'Key clip', 'Lightweight stretch']::text[], ARRAY['No-bounce profile', 'Phone-safe pocket', 'Key clip', 'Lightweight stretch']::text[], ARRAY['Four-way stretch body', 'Hidden zip compartment', 'Low-friction edges', 'Reflective logo hit']::text[], ARRAY['Four-way stretch body', 'Hidden zip compartment', 'Low-friction edges', 'Reflective logo hit']::text[], ARRAY['Run', 'Train']::text[], true, NOW(), NOW()) ON CONFLICT ("slug") DO NOTHING;
INSERT INTO "ProductImage" ("id", "productId", "url", "alt", "sortOrder") VALUES ('seed_image_corecarry_running_belt_0', 'seed_product_corecarry_running_belt', 'belt-hero', 'CoreCarry Running Belt 1', 0) ON CONFLICT DO NOTHING;
INSERT INTO "ProductImage" ("id", "productId", "url", "alt", "sortOrder") VALUES ('seed_image_corecarry_running_belt_1', 'seed_product_corecarry_running_belt', 'belt-scale', 'CoreCarry Running Belt 2', 1) ON CONFLICT DO NOTHING;
INSERT INTO "ProductImage" ("id", "productId", "url", "alt", "sortOrder") VALUES ('seed_image_corecarry_running_belt_2', 'seed_product_corecarry_running_belt', 'belt-detail', 'CoreCarry Running Belt 3', 2) ON CONFLICT DO NOTHING;
INSERT INTO "ProductVariant" ("id", "productId", "sku", "color", "size", "priceCents", "compareAtPriceCents", "stock", "reservedStock", "lowStockThreshold", "weightGrams", "active", "createdAt", "updatedAt") VALUES ('seed_variant_corecarry_running_belt_Graphite_XS_S', 'seed_product_corecarry_running_belt', 'PG-CRB-GRA-XSS', 'Graphite', 'XS/S', 3200, 4000, 16, 0, 5, 160, TRUE, NOW(), NOW()) ON CONFLICT ("sku") DO NOTHING;
INSERT INTO "ProductVariant" ("id", "productId", "sku", "color", "size", "priceCents", "compareAtPriceCents", "stock", "reservedStock", "lowStockThreshold", "weightGrams", "active", "createdAt", "updatedAt") VALUES ('seed_variant_corecarry_running_belt_Graphite_M_L', 'seed_product_corecarry_running_belt', 'PG-CRB-GRA-ML', 'Graphite', 'M/L', 3200, 4000, 17, 0, 5, 160, TRUE, NOW(), NOW()) ON CONFLICT ("sku") DO NOTHING;
INSERT INTO "ProductVariant" ("id", "productId", "sku", "color", "size", "priceCents", "compareAtPriceCents", "stock", "reservedStock", "lowStockThreshold", "weightGrams", "active", "createdAt", "updatedAt") VALUES ('seed_variant_corecarry_running_belt_Graphite_XL', 'seed_product_corecarry_running_belt', 'PG-CRB-GRA-XL', 'Graphite', 'XL', 3200, 4000, 18, 0, 5, 160, TRUE, NOW(), NOW()) ON CONFLICT ("sku") DO NOTHING;
INSERT INTO "ProductVariant" ("id", "productId", "sku", "color", "size", "priceCents", "compareAtPriceCents", "stock", "reservedStock", "lowStockThreshold", "weightGrams", "active", "createdAt", "updatedAt") VALUES ('seed_variant_corecarry_running_belt_Lime_XS_S', 'seed_product_corecarry_running_belt', 'PG-CRB-LIM-XSS', 'Lime', 'XS/S', 3200, 4000, 18, 0, 5, 160, TRUE, NOW(), NOW()) ON CONFLICT ("sku") DO NOTHING;
INSERT INTO "ProductVariant" ("id", "productId", "sku", "color", "size", "priceCents", "compareAtPriceCents", "stock", "reservedStock", "lowStockThreshold", "weightGrams", "active", "createdAt", "updatedAt") VALUES ('seed_variant_corecarry_running_belt_Lime_M_L', 'seed_product_corecarry_running_belt', 'PG-CRB-LIM-ML', 'Lime', 'M/L', 3200, 4000, 19, 0, 5, 160, TRUE, NOW(), NOW()) ON CONFLICT ("sku") DO NOTHING;
INSERT INTO "ProductVariant" ("id", "productId", "sku", "color", "size", "priceCents", "compareAtPriceCents", "stock", "reservedStock", "lowStockThreshold", "weightGrams", "active", "createdAt", "updatedAt") VALUES ('seed_variant_corecarry_running_belt_Lime_XL', 'seed_product_corecarry_running_belt', 'PG-CRB-LIM-XL', 'Lime', 'XL', 3200, 4000, 20, 0, 5, 160, TRUE, NOW(), NOW()) ON CONFLICT ("sku") DO NOTHING;
INSERT INTO "ProductVariant" ("id", "productId", "sku", "color", "size", "priceCents", "compareAtPriceCents", "stock", "reservedStock", "lowStockThreshold", "weightGrams", "active", "createdAt", "updatedAt") VALUES ('seed_variant_corecarry_running_belt_Signal_Blue_XS_S', 'seed_product_corecarry_running_belt', 'PG-CRB-SIG-XSS', 'Signal Blue', 'XS/S', 3200, 4000, 20, 0, 5, 160, TRUE, NOW(), NOW()) ON CONFLICT ("sku") DO NOTHING;
INSERT INTO "ProductVariant" ("id", "productId", "sku", "color", "size", "priceCents", "compareAtPriceCents", "stock", "reservedStock", "lowStockThreshold", "weightGrams", "active", "createdAt", "updatedAt") VALUES ('seed_variant_corecarry_running_belt_Signal_Blue_M_L', 'seed_product_corecarry_running_belt', 'PG-CRB-SIG-ML', 'Signal Blue', 'M/L', 3200, 4000, 21, 0, 5, 160, TRUE, NOW(), NOW()) ON CONFLICT ("sku") DO NOTHING;
INSERT INTO "ProductVariant" ("id", "productId", "sku", "color", "size", "priceCents", "compareAtPriceCents", "stock", "reservedStock", "lowStockThreshold", "weightGrams", "active", "createdAt", "updatedAt") VALUES ('seed_variant_corecarry_running_belt_Signal_Blue_XL', 'seed_product_corecarry_running_belt', 'PG-CRB-SIG-XL', 'Signal Blue', 'XL', 3200, 4000, 22, 0, 5, 160, TRUE, NOW(), NOW()) ON CONFLICT ("sku") DO NOTHING;
INSERT INTO "ProductCollection" ("productId", "collectionId", "sortOrder") VALUES ('seed_product_corecarry_running_belt', 'seed_collection_carry', 3) ON CONFLICT ("productId", "collectionId") DO NOTHING;

-- Product: GripFlow Training Socks
INSERT INTO "Product" ("id", "title", "titleEn", "slug", "category", "shortDescription", "shortDescriptionEn", "description", "descriptionEn", "status", "badge", "rating", "reviewCount", "benefits", "benefitsEn", "features", "featuresEn", "useCases", "bundleEligible", "createdAt", "updatedAt") VALUES ('seed_product_gripflow_training_socks', 'GripFlow Training Socks', 'GripFlow Training Socks', 'gripflow-training-socks', 'Socks', 'Breathable crew socks with arch support and court-ready grip zones.', 'Breathable crew socks with arch support and court-ready grip zones.', 'Structured training socks with mapped cushioning and grip zones.', 'Structured training socks with mapped cushioning and grip zones.', 'ACTIVE'::"ProductStatus", 'Add-on pick', 4.7, 121, ARRAY['Arch support', 'Breathable mesh', 'Grip zones', 'Blister-aware toe seam']::text[], ARRAY['Arch support', 'Breathable mesh', 'Grip zones', 'Blister-aware toe seam']::text[], ARRAY['Mapped cushioning', 'Ventilated upper', 'Ribbed midfoot', 'Reinforced heel']::text[], ARRAY['Mapped cushioning', 'Ventilated upper', 'Ribbed midfoot', 'Reinforced heel']::text[], ARRAY['Run', 'Train', 'Court']::text[], true, NOW(), NOW()) ON CONFLICT ("slug") DO NOTHING;
INSERT INTO "ProductImage" ("id", "productId", "url", "alt", "sortOrder") VALUES ('seed_image_gripflow_training_socks_0', 'seed_product_gripflow_training_socks', 'socks-hero', 'GripFlow Training Socks 1', 0) ON CONFLICT DO NOTHING;
INSERT INTO "ProductImage" ("id", "productId", "url", "alt", "sortOrder") VALUES ('seed_image_gripflow_training_socks_1', 'seed_product_gripflow_training_socks', 'socks-scale', 'GripFlow Training Socks 2', 1) ON CONFLICT DO NOTHING;
INSERT INTO "ProductImage" ("id", "productId", "url", "alt", "sortOrder") VALUES ('seed_image_gripflow_training_socks_2', 'seed_product_gripflow_training_socks', 'socks-detail', 'GripFlow Training Socks 3', 2) ON CONFLICT DO NOTHING;
INSERT INTO "ProductVariant" ("id", "productId", "sku", "color", "size", "priceCents", "compareAtPriceCents", "stock", "reservedStock", "lowStockThreshold", "weightGrams", "active", "createdAt", "updatedAt") VALUES ('seed_variant_gripflow_training_socks_White_S', 'seed_product_gripflow_training_socks', 'PG-GTS-WHI-S', 'White', 'S', 1800, 2400, 28, 0, 5, 220, TRUE, NOW(), NOW()) ON CONFLICT ("sku") DO NOTHING;
INSERT INTO "ProductVariant" ("id", "productId", "sku", "color", "size", "priceCents", "compareAtPriceCents", "stock", "reservedStock", "lowStockThreshold", "weightGrams", "active", "createdAt", "updatedAt") VALUES ('seed_variant_gripflow_training_socks_White_M', 'seed_product_gripflow_training_socks', 'PG-GTS-WHI-M', 'White', 'M', 1800, 2400, 29, 0, 5, 220, TRUE, NOW(), NOW()) ON CONFLICT ("sku") DO NOTHING;
INSERT INTO "ProductVariant" ("id", "productId", "sku", "color", "size", "priceCents", "compareAtPriceCents", "stock", "reservedStock", "lowStockThreshold", "weightGrams", "active", "createdAt", "updatedAt") VALUES ('seed_variant_gripflow_training_socks_White_L', 'seed_product_gripflow_training_socks', 'PG-GTS-WHI-L', 'White', 'L', 1800, 2400, 30, 0, 5, 220, TRUE, NOW(), NOW()) ON CONFLICT ("sku") DO NOTHING;
INSERT INTO "ProductVariant" ("id", "productId", "sku", "color", "size", "priceCents", "compareAtPriceCents", "stock", "reservedStock", "lowStockThreshold", "weightGrams", "active", "createdAt", "updatedAt") VALUES ('seed_variant_gripflow_training_socks_White_XL', 'seed_product_gripflow_training_socks', 'PG-GTS-WHI-XL', 'White', 'XL', 1800, 2400, 31, 0, 5, 220, TRUE, NOW(), NOW()) ON CONFLICT ("sku") DO NOTHING;
INSERT INTO "ProductVariant" ("id", "productId", "sku", "color", "size", "priceCents", "compareAtPriceCents", "stock", "reservedStock", "lowStockThreshold", "weightGrams", "active", "createdAt", "updatedAt") VALUES ('seed_variant_gripflow_training_socks_Graphite_S', 'seed_product_gripflow_training_socks', 'PG-GTS-GRA-S', 'Graphite', 'S', 1800, 2400, 30, 0, 5, 220, TRUE, NOW(), NOW()) ON CONFLICT ("sku") DO NOTHING;
INSERT INTO "ProductVariant" ("id", "productId", "sku", "color", "size", "priceCents", "compareAtPriceCents", "stock", "reservedStock", "lowStockThreshold", "weightGrams", "active", "createdAt", "updatedAt") VALUES ('seed_variant_gripflow_training_socks_Graphite_M', 'seed_product_gripflow_training_socks', 'PG-GTS-GRA-M', 'Graphite', 'M', 1800, 2400, 31, 0, 5, 220, TRUE, NOW(), NOW()) ON CONFLICT ("sku") DO NOTHING;
INSERT INTO "ProductVariant" ("id", "productId", "sku", "color", "size", "priceCents", "compareAtPriceCents", "stock", "reservedStock", "lowStockThreshold", "weightGrams", "active", "createdAt", "updatedAt") VALUES ('seed_variant_gripflow_training_socks_Graphite_L', 'seed_product_gripflow_training_socks', 'PG-GTS-GRA-L', 'Graphite', 'L', 1800, 2400, 32, 0, 5, 220, TRUE, NOW(), NOW()) ON CONFLICT ("sku") DO NOTHING;
INSERT INTO "ProductVariant" ("id", "productId", "sku", "color", "size", "priceCents", "compareAtPriceCents", "stock", "reservedStock", "lowStockThreshold", "weightGrams", "active", "createdAt", "updatedAt") VALUES ('seed_variant_gripflow_training_socks_Graphite_XL', 'seed_product_gripflow_training_socks', 'PG-GTS-GRA-XL', 'Graphite', 'XL', 1800, 2400, 33, 0, 5, 220, TRUE, NOW(), NOW()) ON CONFLICT ("sku") DO NOTHING;
INSERT INTO "ProductVariant" ("id", "productId", "sku", "color", "size", "priceCents", "compareAtPriceCents", "stock", "reservedStock", "lowStockThreshold", "weightGrams", "active", "createdAt", "updatedAt") VALUES ('seed_variant_gripflow_training_socks_Lime_S', 'seed_product_gripflow_training_socks', 'PG-GTS-LIM-S', 'Lime', 'S', 1800, 2400, 32, 0, 5, 220, TRUE, NOW(), NOW()) ON CONFLICT ("sku") DO NOTHING;
INSERT INTO "ProductVariant" ("id", "productId", "sku", "color", "size", "priceCents", "compareAtPriceCents", "stock", "reservedStock", "lowStockThreshold", "weightGrams", "active", "createdAt", "updatedAt") VALUES ('seed_variant_gripflow_training_socks_Lime_M', 'seed_product_gripflow_training_socks', 'PG-GTS-LIM-M', 'Lime', 'M', 1800, 2400, 33, 0, 5, 220, TRUE, NOW(), NOW()) ON CONFLICT ("sku") DO NOTHING;
INSERT INTO "ProductVariant" ("id", "productId", "sku", "color", "size", "priceCents", "compareAtPriceCents", "stock", "reservedStock", "lowStockThreshold", "weightGrams", "active", "createdAt", "updatedAt") VALUES ('seed_variant_gripflow_training_socks_Lime_L', 'seed_product_gripflow_training_socks', 'PG-GTS-LIM-L', 'Lime', 'L', 1800, 2400, 34, 0, 5, 220, TRUE, NOW(), NOW()) ON CONFLICT ("sku") DO NOTHING;
INSERT INTO "ProductVariant" ("id", "productId", "sku", "color", "size", "priceCents", "compareAtPriceCents", "stock", "reservedStock", "lowStockThreshold", "weightGrams", "active", "createdAt", "updatedAt") VALUES ('seed_variant_gripflow_training_socks_Lime_XL', 'seed_product_gripflow_training_socks', 'PG-GTS-LIM-XL', 'Lime', 'XL', 1800, 2400, 35, 0, 5, 220, TRUE, NOW(), NOW()) ON CONFLICT ("sku") DO NOTHING;
INSERT INTO "ProductCollection" ("productId", "collectionId", "sortOrder") VALUES ('seed_product_gripflow_training_socks', 'seed_collection_socks', 4) ON CONFLICT ("productId", "collectionId") DO NOTHING;

-- Product: CourtDry Sweatband Set
INSERT INTO "Product" ("id", "title", "titleEn", "slug", "category", "shortDescription", "shortDescriptionEn", "description", "descriptionEn", "status", "badge", "rating", "reviewCount", "benefits", "benefitsEn", "features", "featuresEn", "useCases", "bundleEligible", "createdAt", "updatedAt") VALUES ('seed_product_courtdry_sweatband_set', 'CourtDry Sweatband Set', 'CourtDry Sweatband Set', 'courtdry-sweatband-set', 'Sweat', 'Headband and wristband set built for hot courts and gym sessions.', 'Headband and wristband set built for hot courts and gym sessions.', 'A sweat-control set for court and gym sessions in warm conditions.', 'A sweat-control set for court and gym sessions in warm conditions.', 'ACTIVE'::"ProductStatus", 'Court ready', 4.5, 58, ARRAY['Sweat-ready terry', 'Secure stretch', 'Fast drying', 'Court kit essential']::text[], ARRAY['Sweat-ready terry', 'Secure stretch', 'Fast drying', 'Court kit essential']::text[], ARRAY['Headband plus wrist pair', 'Soft inner loop', 'Shape-retaining knit', 'Packable design']::text[], ARRAY['Headband plus wrist pair', 'Soft inner loop', 'Shape-retaining knit', 'Packable design']::text[], ARRAY['Train', 'Court']::text[], true, NOW(), NOW()) ON CONFLICT ("slug") DO NOTHING;
INSERT INTO "ProductImage" ("id", "productId", "url", "alt", "sortOrder") VALUES ('seed_image_courtdry_sweatband_set_0', 'seed_product_courtdry_sweatband_set', 'sweatband-hero', 'CourtDry Sweatband Set 1', 0) ON CONFLICT DO NOTHING;
INSERT INTO "ProductImage" ("id", "productId", "url", "alt", "sortOrder") VALUES ('seed_image_courtdry_sweatband_set_1', 'seed_product_courtdry_sweatband_set', 'sweatband-scale', 'CourtDry Sweatband Set 2', 1) ON CONFLICT DO NOTHING;
INSERT INTO "ProductImage" ("id", "productId", "url", "alt", "sortOrder") VALUES ('seed_image_courtdry_sweatband_set_2', 'seed_product_courtdry_sweatband_set', 'sweatband-detail', 'CourtDry Sweatband Set 3', 2) ON CONFLICT DO NOTHING;
INSERT INTO "ProductVariant" ("id", "productId", "sku", "color", "size", "priceCents", "compareAtPriceCents", "stock", "reservedStock", "lowStockThreshold", "weightGrams", "active", "createdAt", "updatedAt") VALUES ('seed_variant_courtdry_sweatband_set_Graphite_One_size', 'seed_product_courtdry_sweatband_set', 'PG-CSS-GRA-ONESIZE', 'Graphite', 'One size', 2000, 2600, 20, 0, 5, 220, TRUE, NOW(), NOW()) ON CONFLICT ("sku") DO NOTHING;
INSERT INTO "ProductVariant" ("id", "productId", "sku", "color", "size", "priceCents", "compareAtPriceCents", "stock", "reservedStock", "lowStockThreshold", "weightGrams", "active", "createdAt", "updatedAt") VALUES ('seed_variant_courtdry_sweatband_set_Graphite_Standard', 'seed_product_courtdry_sweatband_set', 'PG-CSS-GRA-STANDARD', 'Graphite', 'Standard', 2000, 2600, 21, 0, 5, 220, TRUE, NOW(), NOW()) ON CONFLICT ("sku") DO NOTHING;
INSERT INTO "ProductVariant" ("id", "productId", "sku", "color", "size", "priceCents", "compareAtPriceCents", "stock", "reservedStock", "lowStockThreshold", "weightGrams", "active", "createdAt", "updatedAt") VALUES ('seed_variant_courtdry_sweatband_set_Graphite_Wide', 'seed_product_courtdry_sweatband_set', 'PG-CSS-GRA-WIDE', 'Graphite', 'Wide', 2000, 2600, 22, 0, 5, 220, TRUE, NOW(), NOW()) ON CONFLICT ("sku") DO NOTHING;
INSERT INTO "ProductVariant" ("id", "productId", "sku", "color", "size", "priceCents", "compareAtPriceCents", "stock", "reservedStock", "lowStockThreshold", "weightGrams", "active", "createdAt", "updatedAt") VALUES ('seed_variant_courtdry_sweatband_set_White_One_size', 'seed_product_courtdry_sweatband_set', 'PG-CSS-WHI-ONESIZE', 'White', 'One size', 2000, 2600, 22, 0, 5, 220, TRUE, NOW(), NOW()) ON CONFLICT ("sku") DO NOTHING;
INSERT INTO "ProductVariant" ("id", "productId", "sku", "color", "size", "priceCents", "compareAtPriceCents", "stock", "reservedStock", "lowStockThreshold", "weightGrams", "active", "createdAt", "updatedAt") VALUES ('seed_variant_courtdry_sweatband_set_White_Standard', 'seed_product_courtdry_sweatband_set', 'PG-CSS-WHI-STANDARD', 'White', 'Standard', 2000, 2600, 23, 0, 5, 220, TRUE, NOW(), NOW()) ON CONFLICT ("sku") DO NOTHING;
INSERT INTO "ProductVariant" ("id", "productId", "sku", "color", "size", "priceCents", "compareAtPriceCents", "stock", "reservedStock", "lowStockThreshold", "weightGrams", "active", "createdAt", "updatedAt") VALUES ('seed_variant_courtdry_sweatband_set_White_Wide', 'seed_product_courtdry_sweatband_set', 'PG-CSS-WHI-WIDE', 'White', 'Wide', 2000, 2600, 24, 0, 5, 220, TRUE, NOW(), NOW()) ON CONFLICT ("sku") DO NOTHING;
INSERT INTO "ProductVariant" ("id", "productId", "sku", "color", "size", "priceCents", "compareAtPriceCents", "stock", "reservedStock", "lowStockThreshold", "weightGrams", "active", "createdAt", "updatedAt") VALUES ('seed_variant_courtdry_sweatband_set_Signal_Blue_One_size', 'seed_product_courtdry_sweatband_set', 'PG-CSS-SIG-ONESIZE', 'Signal Blue', 'One size', 2000, 2600, 24, 0, 5, 220, TRUE, NOW(), NOW()) ON CONFLICT ("sku") DO NOTHING;
INSERT INTO "ProductVariant" ("id", "productId", "sku", "color", "size", "priceCents", "compareAtPriceCents", "stock", "reservedStock", "lowStockThreshold", "weightGrams", "active", "createdAt", "updatedAt") VALUES ('seed_variant_courtdry_sweatband_set_Signal_Blue_Standard', 'seed_product_courtdry_sweatband_set', 'PG-CSS-SIG-STANDARD', 'Signal Blue', 'Standard', 2000, 2600, 25, 0, 5, 220, TRUE, NOW(), NOW()) ON CONFLICT ("sku") DO NOTHING;
INSERT INTO "ProductVariant" ("id", "productId", "sku", "color", "size", "priceCents", "compareAtPriceCents", "stock", "reservedStock", "lowStockThreshold", "weightGrams", "active", "createdAt", "updatedAt") VALUES ('seed_variant_courtdry_sweatband_set_Signal_Blue_Wide', 'seed_product_courtdry_sweatband_set', 'PG-CSS-SIG-WIDE', 'Signal Blue', 'Wide', 2000, 2600, 26, 0, 5, 220, TRUE, NOW(), NOW()) ON CONFLICT ("sku") DO NOTHING;
INSERT INTO "ProductCollection" ("productId", "collectionId", "sortOrder") VALUES ('seed_product_courtdry_sweatband_set', 'seed_collection_sweat', 5) ON CONFLICT ("productId", "collectionId") DO NOTHING;

-- Product: ChillFlow Sport Bottle
INSERT INTO "Product" ("id", "title", "titleEn", "slug", "category", "shortDescription", "shortDescriptionEn", "description", "descriptionEn", "status", "badge", "rating", "reviewCount", "benefits", "benefitsEn", "features", "featuresEn", "useCases", "bundleEligible", "createdAt", "updatedAt") VALUES ('seed_product_chillflow_sport_bottle', 'ChillFlow Sport Bottle', 'ChillFlow Sport Bottle', 'chillflow-sport-bottle', 'Hydration', 'Light insulated bottle with a grip waist and leak-resistant sport cap.', 'Light insulated bottle with a grip waist and leak-resistant sport cap.', 'A light insulated bottle with a one-hand sport cap and easy-clean opening.', 'A light insulated bottle with a one-hand sport cap and easy-clean opening.', 'ACTIVE'::"ProductStatus", 'Hydration', 4.6, 89, ARRAY['Leak-resistant cap', 'Easy-grip waist', 'Light insulation', 'Cup-holder friendly']::text[], ARRAY['Leak-resistant cap', 'Easy-grip waist', 'Light insulation', 'Cup-holder friendly']::text[], ARRAY['22 oz capacity', 'One-hand sport valve', 'BPA-free body', 'Wide-mouth cleaning']::text[], ARRAY['22 oz capacity', 'One-hand sport valve', 'BPA-free body', 'Wide-mouth cleaning']::text[], ARRAY['Run', 'Train', 'Court', 'Recovery']::text[], true, NOW(), NOW()) ON CONFLICT ("slug") DO NOTHING;
INSERT INTO "ProductImage" ("id", "productId", "url", "alt", "sortOrder") VALUES ('seed_image_chillflow_sport_bottle_0', 'seed_product_chillflow_sport_bottle', 'bottle-hero', 'ChillFlow Sport Bottle 1', 0) ON CONFLICT DO NOTHING;
INSERT INTO "ProductImage" ("id", "productId", "url", "alt", "sortOrder") VALUES ('seed_image_chillflow_sport_bottle_1', 'seed_product_chillflow_sport_bottle', 'bottle-scale', 'ChillFlow Sport Bottle 2', 1) ON CONFLICT DO NOTHING;
INSERT INTO "ProductImage" ("id", "productId", "url", "alt", "sortOrder") VALUES ('seed_image_chillflow_sport_bottle_2', 'seed_product_chillflow_sport_bottle', 'bottle-detail', 'ChillFlow Sport Bottle 3', 2) ON CONFLICT DO NOTHING;
INSERT INTO "ProductVariant" ("id", "productId", "sku", "color", "size", "priceCents", "compareAtPriceCents", "stock", "reservedStock", "lowStockThreshold", "weightGrams", "active", "createdAt", "updatedAt") VALUES ('seed_variant_chillflow_sport_bottle_Graphite_18_oz', 'seed_product_chillflow_sport_bottle', 'PG-CSB-GRA-18OZ', 'Graphite', '18 oz', 2600, 3400, 24, 0, 5, 380, TRUE, NOW(), NOW()) ON CONFLICT ("sku") DO NOTHING;
INSERT INTO "ProductVariant" ("id", "productId", "sku", "color", "size", "priceCents", "compareAtPriceCents", "stock", "reservedStock", "lowStockThreshold", "weightGrams", "active", "createdAt", "updatedAt") VALUES ('seed_variant_chillflow_sport_bottle_Graphite_22_oz', 'seed_product_chillflow_sport_bottle', 'PG-CSB-GRA-22OZ', 'Graphite', '22 oz', 2600, 3400, 25, 0, 5, 380, TRUE, NOW(), NOW()) ON CONFLICT ("sku") DO NOTHING;
INSERT INTO "ProductVariant" ("id", "productId", "sku", "color", "size", "priceCents", "compareAtPriceCents", "stock", "reservedStock", "lowStockThreshold", "weightGrams", "active", "createdAt", "updatedAt") VALUES ('seed_variant_chillflow_sport_bottle_Graphite_26_oz', 'seed_product_chillflow_sport_bottle', 'PG-CSB-GRA-26OZ', 'Graphite', '26 oz', 2600, 3400, 26, 0, 5, 380, TRUE, NOW(), NOW()) ON CONFLICT ("sku") DO NOTHING;
INSERT INTO "ProductVariant" ("id", "productId", "sku", "color", "size", "priceCents", "compareAtPriceCents", "stock", "reservedStock", "lowStockThreshold", "weightGrams", "active", "createdAt", "updatedAt") VALUES ('seed_variant_chillflow_sport_bottle_Lime_18_oz', 'seed_product_chillflow_sport_bottle', 'PG-CSB-LIM-18OZ', 'Lime', '18 oz', 2600, 3400, 26, 0, 5, 380, TRUE, NOW(), NOW()) ON CONFLICT ("sku") DO NOTHING;
INSERT INTO "ProductVariant" ("id", "productId", "sku", "color", "size", "priceCents", "compareAtPriceCents", "stock", "reservedStock", "lowStockThreshold", "weightGrams", "active", "createdAt", "updatedAt") VALUES ('seed_variant_chillflow_sport_bottle_Lime_22_oz', 'seed_product_chillflow_sport_bottle', 'PG-CSB-LIM-22OZ', 'Lime', '22 oz', 2600, 3400, 27, 0, 5, 380, TRUE, NOW(), NOW()) ON CONFLICT ("sku") DO NOTHING;
INSERT INTO "ProductVariant" ("id", "productId", "sku", "color", "size", "priceCents", "compareAtPriceCents", "stock", "reservedStock", "lowStockThreshold", "weightGrams", "active", "createdAt", "updatedAt") VALUES ('seed_variant_chillflow_sport_bottle_Lime_26_oz', 'seed_product_chillflow_sport_bottle', 'PG-CSB-LIM-26OZ', 'Lime', '26 oz', 2600, 3400, 28, 0, 5, 380, TRUE, NOW(), NOW()) ON CONFLICT ("sku") DO NOTHING;
INSERT INTO "ProductVariant" ("id", "productId", "sku", "color", "size", "priceCents", "compareAtPriceCents", "stock", "reservedStock", "lowStockThreshold", "weightGrams", "active", "createdAt", "updatedAt") VALUES ('seed_variant_chillflow_sport_bottle_Signal_Blue_18_oz', 'seed_product_chillflow_sport_bottle', 'PG-CSB-SIG-18OZ', 'Signal Blue', '18 oz', 2600, 3400, 28, 0, 5, 380, TRUE, NOW(), NOW()) ON CONFLICT ("sku") DO NOTHING;
INSERT INTO "ProductVariant" ("id", "productId", "sku", "color", "size", "priceCents", "compareAtPriceCents", "stock", "reservedStock", "lowStockThreshold", "weightGrams", "active", "createdAt", "updatedAt") VALUES ('seed_variant_chillflow_sport_bottle_Signal_Blue_22_oz', 'seed_product_chillflow_sport_bottle', 'PG-CSB-SIG-22OZ', 'Signal Blue', '22 oz', 2600, 3400, 29, 0, 5, 380, TRUE, NOW(), NOW()) ON CONFLICT ("sku") DO NOTHING;
INSERT INTO "ProductVariant" ("id", "productId", "sku", "color", "size", "priceCents", "compareAtPriceCents", "stock", "reservedStock", "lowStockThreshold", "weightGrams", "active", "createdAt", "updatedAt") VALUES ('seed_variant_chillflow_sport_bottle_Signal_Blue_26_oz', 'seed_product_chillflow_sport_bottle', 'PG-CSB-SIG-26OZ', 'Signal Blue', '26 oz', 2600, 3400, 30, 0, 5, 380, TRUE, NOW(), NOW()) ON CONFLICT ("sku") DO NOTHING;
INSERT INTO "ProductCollection" ("productId", "collectionId", "sortOrder") VALUES ('seed_product_chillflow_sport_bottle', 'seed_collection_hydration', 6) ON CONFLICT ("productId", "collectionId") DO NOTHING;

-- Product: Recovery Compression Sleeve
INSERT INTO "Product" ("id", "title", "titleEn", "slug", "category", "shortDescription", "shortDescriptionEn", "description", "descriptionEn", "status", "badge", "rating", "reviewCount", "benefits", "benefitsEn", "features", "featuresEn", "useCases", "bundleEligible", "createdAt", "updatedAt") VALUES ('seed_product_recovery_compression_sleeve', 'Recovery Compression Sleeve', 'Recovery Compression Sleeve', 'recovery-compression-sleeve', 'Recovery', 'Light calf and knee-area compression for cooldowns and travel days.', 'Light calf and knee-area compression for cooldowns and travel days.', 'Soft compression for cooldown routines, travel days, and light recovery sessions.', 'Soft compression for cooldown routines, travel days, and light recovery sessions.', 'ACTIVE'::"ProductStatus", 'Recovery', 4.7, 67, ARRAY['Graduated feel', 'Soft compression', 'Travel friendly', 'Breathable knit']::text[], ARRAY['Graduated feel', 'Soft compression', 'Travel friendly', 'Breathable knit']::text[], ARRAY['Mapped compression zones', 'Seam-reduced finish', 'Pack-flat profile', 'All-day comfort cuff']::text[], ARRAY['Mapped compression zones', 'Seam-reduced finish', 'Pack-flat profile', 'All-day comfort cuff']::text[], ARRAY['Recovery', 'Run', 'Train']::text[], false, NOW(), NOW()) ON CONFLICT ("slug") DO NOTHING;
INSERT INTO "ProductImage" ("id", "productId", "url", "alt", "sortOrder") VALUES ('seed_image_recovery_compression_sleeve_0', 'seed_product_recovery_compression_sleeve', 'recovery-hero', 'Recovery Compression Sleeve 1', 0) ON CONFLICT DO NOTHING;
INSERT INTO "ProductImage" ("id", "productId", "url", "alt", "sortOrder") VALUES ('seed_image_recovery_compression_sleeve_1', 'seed_product_recovery_compression_sleeve', 'recovery-scale', 'Recovery Compression Sleeve 2', 1) ON CONFLICT DO NOTHING;
INSERT INTO "ProductImage" ("id", "productId", "url", "alt", "sortOrder") VALUES ('seed_image_recovery_compression_sleeve_2', 'seed_product_recovery_compression_sleeve', 'recovery-detail', 'Recovery Compression Sleeve 3', 2) ON CONFLICT DO NOTHING;
INSERT INTO "ProductVariant" ("id", "productId", "sku", "color", "size", "priceCents", "compareAtPriceCents", "stock", "reservedStock", "lowStockThreshold", "weightGrams", "active", "createdAt", "updatedAt") VALUES ('seed_variant_recovery_compression_sleeve_Graphite_S', 'seed_product_recovery_compression_sleeve', 'PG-RCS-GRA-S', 'Graphite', 'S', 3000, 3800, 12, 0, 5, 220, TRUE, NOW(), NOW()) ON CONFLICT ("sku") DO NOTHING;
INSERT INTO "ProductVariant" ("id", "productId", "sku", "color", "size", "priceCents", "compareAtPriceCents", "stock", "reservedStock", "lowStockThreshold", "weightGrams", "active", "createdAt", "updatedAt") VALUES ('seed_variant_recovery_compression_sleeve_Graphite_M', 'seed_product_recovery_compression_sleeve', 'PG-RCS-GRA-M', 'Graphite', 'M', 3000, 3800, 13, 0, 5, 220, TRUE, NOW(), NOW()) ON CONFLICT ("sku") DO NOTHING;
INSERT INTO "ProductVariant" ("id", "productId", "sku", "color", "size", "priceCents", "compareAtPriceCents", "stock", "reservedStock", "lowStockThreshold", "weightGrams", "active", "createdAt", "updatedAt") VALUES ('seed_variant_recovery_compression_sleeve_Graphite_L', 'seed_product_recovery_compression_sleeve', 'PG-RCS-GRA-L', 'Graphite', 'L', 3000, 3800, 14, 0, 5, 220, TRUE, NOW(), NOW()) ON CONFLICT ("sku") DO NOTHING;
INSERT INTO "ProductVariant" ("id", "productId", "sku", "color", "size", "priceCents", "compareAtPriceCents", "stock", "reservedStock", "lowStockThreshold", "weightGrams", "active", "createdAt", "updatedAt") VALUES ('seed_variant_recovery_compression_sleeve_Graphite_XL', 'seed_product_recovery_compression_sleeve', 'PG-RCS-GRA-XL', 'Graphite', 'XL', 3000, 3800, 15, 0, 5, 220, TRUE, NOW(), NOW()) ON CONFLICT ("sku") DO NOTHING;
INSERT INTO "ProductVariant" ("id", "productId", "sku", "color", "size", "priceCents", "compareAtPriceCents", "stock", "reservedStock", "lowStockThreshold", "weightGrams", "active", "createdAt", "updatedAt") VALUES ('seed_variant_recovery_compression_sleeve_Steel_S', 'seed_product_recovery_compression_sleeve', 'PG-RCS-STE-S', 'Steel', 'S', 3000, 3800, 14, 0, 5, 220, TRUE, NOW(), NOW()) ON CONFLICT ("sku") DO NOTHING;
INSERT INTO "ProductVariant" ("id", "productId", "sku", "color", "size", "priceCents", "compareAtPriceCents", "stock", "reservedStock", "lowStockThreshold", "weightGrams", "active", "createdAt", "updatedAt") VALUES ('seed_variant_recovery_compression_sleeve_Steel_M', 'seed_product_recovery_compression_sleeve', 'PG-RCS-STE-M', 'Steel', 'M', 3000, 3800, 15, 0, 5, 220, TRUE, NOW(), NOW()) ON CONFLICT ("sku") DO NOTHING;
INSERT INTO "ProductVariant" ("id", "productId", "sku", "color", "size", "priceCents", "compareAtPriceCents", "stock", "reservedStock", "lowStockThreshold", "weightGrams", "active", "createdAt", "updatedAt") VALUES ('seed_variant_recovery_compression_sleeve_Steel_L', 'seed_product_recovery_compression_sleeve', 'PG-RCS-STE-L', 'Steel', 'L', 3000, 3800, 16, 0, 5, 220, TRUE, NOW(), NOW()) ON CONFLICT ("sku") DO NOTHING;
INSERT INTO "ProductVariant" ("id", "productId", "sku", "color", "size", "priceCents", "compareAtPriceCents", "stock", "reservedStock", "lowStockThreshold", "weightGrams", "active", "createdAt", "updatedAt") VALUES ('seed_variant_recovery_compression_sleeve_Steel_XL', 'seed_product_recovery_compression_sleeve', 'PG-RCS-STE-XL', 'Steel', 'XL', 3000, 3800, 17, 0, 5, 220, TRUE, NOW(), NOW()) ON CONFLICT ("sku") DO NOTHING;
INSERT INTO "ProductCollection" ("productId", "collectionId", "sortOrder") VALUES ('seed_product_recovery_compression_sleeve', 'seed_collection_recovery', 7) ON CONFLICT ("productId", "collectionId") DO NOTHING;

COMMIT;

-- Guides / FAQ content: run `npm run prisma:seed` in /api for full CMS content.
